Moeyens,Shi,moeyens.s@hotmail.com
Aranda,Yang,aranda.y@umich.edu
Anthony,Xue,anthony.x@sjtu.edu.cn
Andrew,Yang,andrew.y@gmail.com
Bruce,Yang,bruce.y@foxmail.com
Antonik,Zhang,antonik.z@foxmail.com
Page,Zhang,page.z@sjtu.edu.cn
Cindy,Yang,cindy.y@outlook.com
Antonik,Wang,antonik.w@gmail.com
Chambers,Gong,chambers.g@gmail.com
Tom,Zhang,tom.z@sjtu.edu.cn
Prien,Huang,prien.h@outlook.com
Bruce,Shi,bruce.s@sjtu.edu.cn
Tom,Wu,tom.w@umich.edu
Alice,Zhang,alice.z@gmail.com
Boese,Yang,boese.y@foxmail.com
Antonik,Lu,antonik.l@hotmail.com
Maharaj,Wang,maharaj.w@hotmail.com
Cindy,Yang,cindy.y@sjtu.edu.cn
Farnleitner,Xue,farnleitner.x@hotmail.com
